file,species
cae684f8f.png,Charlock
87608f7aa.png,Charlock
c2de6020a.png,Small-flowered Cranesbill
01291174f.png,Fat Hen
2d9c798f9.png,Small-flowered Cranesbill
3abb502fb.png,Loose Silky-bent
cfd8165e9.png,Charlock
8cf2e3e6c.png,Common Chickweed
f66ae4070.png,Maize
b30ab4659.png,Charlock
16fd2e01a.png,Small-flowered Cranesbill
13b9fa92d.png,Sugar beet
827279bad.png,Scentless Mayweed
97844bfd5.png,Cleavers
5bd71f445.png,Common Chickweed
f4e7733d4.png,Small-flowered Cranesbill
1694a70e4.png,Scentless Mayweed
79e5ea8fa.png,Black-grass
e52493d0b.png,Common wheat
506347cfe.png,Charlock
d102e1a15.png,Cleavers
bb64660b7.png,Sugar beet
16467a950.png,Loose Silky-bent
0751c0bbc.png,Sugar beet
a169b71e7.png,Charlock
06d12f6fa.png,Shepherds Purse
50de8a115.png,Small-flowered Cranesbill
cbba27d89.png,Maize
0f6cbe5e8.png,Maize
79d93bc96.png,Loose Silky-bent
c7ae30f3a.png,Scentless Mayweed
2ea664465.png,Sugar beet
d9c50616e.png,Sugar beet
1c680883c.png,Common wheat
8bc0261c9.png,Loose Silky-bent
e73e308be.png,Fat Hen
4287d810c.png,Common Chickweed
780defa2e.png,Common Chickweed
96ecad7a1.png,Small-flowered Cranesbill
b62dca166.png,Fat Hen
9b9911f20.png,Scentless Mayweed
f351ce097.png,Loose Silky-bent
a1da8be3c.png,Maize
67ce3eaa6.png,Small-flowered Cranesbill
699d3c707.png,Sugar beet
969a851be.png,Scentless Mayweed
23bc8ec4f.png,Common Chickweed
08d591441.png,Sugar beet
e0ec5b6a1.png,Sugar beet
b6f3d8b5d.png,Scentless Mayweed
6df8e31ea.png,Charlock
5bc6595f6.png,Maize
33748968f.png,Cleavers
7c85b0265.png,Loose Silky-bent
808578ed5.png,Charlock
20e562fd5.png,Sugar beet
b1cd2a91e.png,Cleavers
c88ebfb47.png,Small-flowered Cranesbill
07e62f903.png,Maize
60ee66ddd.png,Cleavers
0a64e3e6c.png,Loose Silky-bent
0dba99002.png,Sugar beet
604dd663f.png,Shepherds Purse
63c07d340.png,Sugar beet
8a8d6c712.png,Cleavers
6edb96d45.png,Cleavers
e5368474f.png,Scentless Mayweed
8585f9718.png,Loose Silky-bent
d17f48d3b.png,Scentless Mayweed
20817c846.png,Scentless Mayweed
8ece6efec.png,Sugar beet
8301b0547.png,Charlock
a0b393945.png,Sugar beet
653193c1a.png,Common wheat
8c98a6e9b.png,Loose Silky-bent
9c777333d.png,Fat Hen
f2dc546ca.png,Cleavers
d6d80a321.png,Scentless Mayweed
974959ec1.png,Common wheat
060f1dc84.png,Cleavers
df7cb5f87.png,Shepherds Purse
3dd52bd2a.png,Small-flowered Cranesbill
24c94a6ca.png,Sugar beet
1b490196c.png,Shepherds Purse
98da6ef4e.png,Scentless Mayweed
bb1c84bbc.png,Loose Silky-bent
6680836dd.png,Sugar beet
90b595f12.png,Common Chickweed
90d119d25.png,Scentless Mayweed
c5e88cd42.png,Common Chickweed
085974290.png,Sugar beet
beebe5f4e.png,Scentless Mayweed
e5064f6be.png,Sugar beet
2e86f1085.png,Fat Hen
df11d56a7.png,Sugar beet
0d31e6602.png,Small-flowered Cranesbill
851c90831.png,Loose Silky-bent
523e5505c.png,Scentless Mayweed
04814f36d.png,Scentless Mayweed
f23faf9c1.png,Loose Silky-bent
11d3f68ff.png,Loose Silky-bent
8b9144917.png,Sugar beet
e82017baa.png,Loose Silky-bent
dfb1d9012.png,Black-grass
0bf7bfb05.png,Common wheat
33448fe39.png,Loose Silky-bent
77ccb8b2a.png,Small-flowered Cranesbill
e4d5ec761.png,Loose Silky-bent
a9d2eab61.png,Fat Hen
caa2fbd79.png,Common Chickweed
e3f50adfc.png,Cleavers
fea1d13d6.png,Shepherds Purse
b29339405.png,Loose Silky-bent
8e2e5604e.png,Sugar beet
0fb233ad6.png,Small-flowered Cranesbill
a85b48a95.png,Scentless Mayweed
59e1cea8d.png,Cleavers
d89db156f.png,Sugar beet
f0ffa00bd.png,Sugar beet
abc331628.png,Common wheat
3b73c3b61.png,Sugar beet
e14afa235.png,Common wheat
122913909.png,Maize
8874bba69.png,Loose Silky-bent
6edc76e7c.png,Fat Hen
1b6a6494d.png,Sugar beet
1dc7c45df.png,Loose Silky-bent
31fcdc161.png,Maize
e478c452c.png,Sugar beet
0e8492cb1.png,Maize
d563be369.png,Fat Hen
456d507c0.png,Cleavers
377283a21.png,Maize
0d117d910.png,Fat Hen
4c5ab9b68.png,Cleavers
6bce55e05.png,Cleavers
7a38416be.png,Charlock
bb1d1bfd3.png,Cleavers
76dbd1054.png,Scentless Mayweed
3281183f9.png,Sugar beet
9b4800b42.png,Charlock
fe29629fb.png,Scentless Mayweed
c60e91e07.png,Loose Silky-bent
177d7e2a4.png,Common Chickweed
f9ea23fb5.png,Fat Hen
37e545a60.png,Common Chickweed
8a32d0bfa.png,Small-flowered Cranesbill
8170d33c1.png,Maize
279df95f2.png,Sugar beet
8455169fe.png,Common wheat
b130a0632.png,Cleavers
fd925f542.png,Common Chickweed
c7b07431e.png,Scentless Mayweed
8a30b2de3.png,Sugar beet
4392d93cf.png,Fat Hen
3edf5e9ef.png,Common wheat
24d78df74.png,Common Chickweed
99036c51d.png,Loose Silky-bent
148bbda66.png,Small-flowered Cranesbill
534e74d83.png,Scentless Mayweed
52dc7a4d6.png,Common Chickweed
fe9e87b78.png,Scentless Mayweed
3eebd36c6.png,Charlock
33317fc2a.png,Sugar beet
cadab6616.png,Shepherds Purse
2126dc71b.png,Common Chickweed
892e9d6c6.png,Scentless Mayweed
239bdf640.png,Charlock
41f1c3cdb.png,Fat Hen
bb20fce02.png,Scentless Mayweed
c26ccf73c.png,Common Chickweed
824f5d4e5.png,Sugar beet
e4a76885b.png,Maize
25cf6eb73.png,Small-flowered Cranesbill
c4ed8ed38.png,Charlock
338c7e907.png,Charlock
721be0a4a.png,Loose Silky-bent
32b42c120.png,Small-flowered Cranesbill
f4ad9d950.png,Sugar beet
b215531dd.png,Cleavers
a83820a2c.png,Sugar beet
1926e82fd.png,Loose Silky-bent
74068643d.png,Loose Silky-bent
3185294c8.png,Scentless Mayweed
116b136de.png,Sugar beet
54b3afd58.png,Cleavers
cb496f36e.png,Loose Silky-bent
7d22abf91.png,Scentless Mayweed
cb76a7766.png,Common wheat
2d5058a59.png,Common Chickweed
dd5ec63d9.png,Sugar beet
32a8c8a1d.png,Loose Silky-bent
71f5323c5.png,Loose Silky-bent
2d992d1fb.png,Loose Silky-bent
2406d6c99.png,Shepherds Purse
e1809cef2.png,Scentless Mayweed
eef131644.png,Loose Silky-bent
b0acaff4a.png,Black-grass
a55d26a4c.png,Common Chickweed
69d1669f8.png,Charlock
38c054379.png,Sugar beet
593896f83.png,Common Chickweed
4049a6ea6.png,Loose Silky-bent
25fa8d109.png,Common wheat
e84464f5a.png,Cleavers
eec1079a1.png,Charlock
fdea6b119.png,Loose Silky-bent
8e4eaeec0.png,Common Chickweed
490c4f9c8.png,Common wheat
ab35453cb.png,Cleavers
c832e4302.png,Fat Hen
5bdcfa329.png,Loose Silky-bent
728eabae1.png,Charlock
e15fce4f2.png,Scentless Mayweed
34dd57ca9.png,Loose Silky-bent
f48916a8c.png,Scentless Mayweed
1541bdb2e.png,Maize
d5f7dd60a.png,Scentless Mayweed
1191ba346.png,Cleavers
b7a7f6390.png,Fat Hen
5296835a0.png,Small-flowered Cranesbill
8cf909eb3.png,Charlock
976e4e079.png,Common Chickweed
0ebf8f2f4.png,Maize
aee6fa3df.png,Loose Silky-bent
b39c71707.png,Maize
8a4d3a1b1.png,Loose Silky-bent
d515398fd.png,Scentless Mayweed
43ede9de9.png,Charlock
02cfeb38d.png,Loose Silky-bent
d09d24c58.png,Loose Silky-bent
03a2ee656.png,Small-flowered Cranesbill
c10ccbd82.png,Scentless Mayweed
b4c3df835.png,Maize
003d61042.png,Fat Hen
754b1adf8.png,Small-flowered Cranesbill
592cc5b89.png,Loose Silky-bent
7506c0c02.png,Scentless Mayweed
a8c8a1db0.png,Shepherds Purse
b03397525.png,Loose Silky-bent
42e7ed442.png,Shepherds Purse
30ad31220.png,Charlock
3a909ead8.png,Small-flowered Cranesbill
39858776a.png,Cleavers
7d3045fc3.png,Sugar beet
043449b0b.png,Sugar beet
b3e08b037.png,Fat Hen
d41d87796.png,Scentless Mayweed
3d67c434b.png,Fat Hen
0c4199daa.png,Loose Silky-bent
f9b6bfb00.png,Cleavers
c75a82234.png,Scentless Mayweed
ace8761dd.png,Common Chickweed
e5e3dccff.png,Common wheat
c0461776c.png,Common Chickweed
4e9d3765f.png,Charlock
bf66b9cd2.png,Maize
b2706e2b3.png,Common wheat
7615e52d3.png,Cleavers
cf90fc52d.png,Maize
3fbf1a417.png,Cleavers
c64370a72.png,Sugar beet
fef2ade8c.png,Sugar beet
f445fe6fb.png,Charlock
618de3d7a.png,Charlock
a254d71f6.png,Loose Silky-bent
55251925f.png,Common Chickweed
187668bde.png,Scentless Mayweed
46c14fde2.png,Loose Silky-bent
8ab8a958b.png,Fat Hen
a3b375b34.png,Black-grass
f1f7c833f.png,Shepherds Purse
24dbc3b21.png,Sugar beet
aecfaed64.png,Shepherds Purse
de0b79659.png,Fat Hen
3f826b318.png,Common Chickweed
00ef713a8.png,Common Chickweed
d2fd9df40.png,Loose Silky-bent
da5255450.png,Common Chickweed
c8f50f0c3.png,Common wheat
23e480e64.png,Shepherds Purse
4bbfd1e05.png,Cleavers
2a667e099.png,Fat Hen
65e97117e.png,Loose Silky-bent
1f3f44563.png,Maize
e98e5d1d5.png,Common wheat
e1abb4ff9.png,Sugar beet
bea23d9f8.png,Scentless Mayweed
e88bf0db9.png,Small-flowered Cranesbill
165681fd9.png,Charlock
2bd74d2da.png,Loose Silky-bent
93079d970.png,Sugar beet
32c86784b.png,Common Chickweed
1376f3b63.png,Loose Silky-bent
88d8a4508.png,Common wheat
91e469b4a.png,Charlock
be341dbdc.png,Loose Silky-bent
837ac0270.png,Scentless Mayweed
82b5f4d33.png,Shepherds Purse
2693e5c65.png,Maize
1fefb54b7.png,Fat Hen
b026bf8ca.png,Loose Silky-bent
4f44ca525.png,Fat Hen
65d08b894.png,Sugar beet
cf46d09c5.png,Common Chickweed
b9062c1c8.png,Sugar beet
ac75d3326.png,Loose Silky-bent
808cf55c6.png,Fat Hen
0437393b1.png,Sugar beet
aaf4da98f.png,Sugar beet
96f14d90c.png,Sugar beet
56a01b835.png,Cleavers
ef9676433.png,Charlock
78750e0ff.png,Charlock
4c7838de4.png,Small-flowered Cranesbill
d14aa43f3.png,Small-flowered Cranesbill
659412b1a.png,Loose Silky-bent
df521c0c0.png,Loose Silky-bent
adb7a032c.png,Loose Silky-bent
a35fd6fbb.png,Common Chickweed
6d6eb3830.png,Charlock
55a852f40.png,Common Chickweed
539961189.png,Common Chickweed
770a265f5.png,Small-flowered Cranesbill
39c8fde99.png,Loose Silky-bent
f1e87cba7.png,Loose Silky-bent
2dd5cfba9.png,Shepherds Purse
29f49cd0b.png,Fat Hen
8303b27ed.png,Loose Silky-bent
897e5a8de.png,Cleavers
c06e7c748.png,Shepherds Purse
16357b436.png,Loose Silky-bent
a8de7c1b7.png,Loose Silky-bent
54c8bb900.png,Charlock
d488a4fe1.png,Common wheat
2f0004a7f.png,Common wheat
dd9f36df7.png,Small-flowered Cranesbill
3d65168c2.png,Common Chickweed
071cb3ece.png,Sugar beet
862b8e7a0.png,Sugar beet
a060c1cf8.png,Maize
721b2c47a.png,Cleavers
65e262a6d.png,Charlock
bdde957ec.png,Scentless Mayweed
5817b766d.png,Common Chickweed
0caeda5df.png,Common wheat
5dcad9a53.png,Small-flowered Cranesbill
71334c634.png,Maize
d0cdc768f.png,Common wheat
592473c83.png,Loose Silky-bent
953496deb.png,Cleavers
9a3f20121.png,Loose Silky-bent
fda39e16f.png,Loose Silky-bent
1bf9b94a6.png,Scentless Mayweed
a5db42f7d.png,Maize
521b27a17.png,Loose Silky-bent
966ae5ad9.png,Loose Silky-bent
856f2910a.png,Small-flowered Cranesbill
59358cd44.png,Small-flowered Cranesbill
af45e222a.png,Scentless Mayweed
39b740f7e.png,Loose Silky-bent
664194d19.png,Small-flowered Cranesbill
958bb9e96.png,Charlock
995c7ab1e.png,Common wheat
205df1df3.png,Sugar beet
099b961ec.png,Shepherds Purse
35a90f8d0.png,Scentless Mayweed
75cb95e91.png,Charlock
4b155fb07.png,Maize
5779fe8b4.png,Fat Hen
8b043093d.png,Small-flowered Cranesbill
d84d37a61.png,Common Chickweed
19e58cc5e.png,Common Chickweed
ef02b4ee7.png,Sugar beet
8db450ce3.png,Common Chickweed
444473900.png,Fat Hen
0c51bf229.png,Maize
c1ecff98b.png,Loose Silky-bent
aad8375e0.png,Charlock
e15472085.png,Common Chickweed
71b232519.png,Loose Silky-bent
61b044411.png,Scentless Mayweed
8c9953903.png,Fat Hen
a74bf916d.png,Shepherds Purse
e5881dd33.png,Fat Hen
71e73a8a0.png,Sugar beet
9df3275da.png,Small-flowered Cranesbill
4c8005bbc.png,Loose Silky-bent
8ca6140ca.png,Loose Silky-bent
752101fdf.png,Small-flowered Cranesbill
48d97c645.png,Small-flowered Cranesbill
550a8b7e6.png,Small-flowered Cranesbill
686dc7ec8.png,Black-grass
b7ad92859.png,Shepherds Purse
22fbf13d6.png,Loose Silky-bent
a74d475c2.png,Common Chickweed
f33e9d918.png,Scentless Mayweed
e5297b675.png,Loose Silky-bent
fa5fd1384.png,Fat Hen
f85ed9b6d.png,Charlock
9baf94467.png,Cleavers
258b1183c.png,Cleavers
19b51843a.png,Common Chickweed
cfb18d262.png,Scentless Mayweed
ef65533d5.png,Black-grass
88ac6df54.png,Loose Silky-bent
5883b423d.png,Scentless Mayweed
a0f37c726.png,Small-flowered Cranesbill
fb022edf9.png,Fat Hen
a2c89c367.png,Charlock
0ad9e7dfb.png,Cleavers
c6b76307d.png,Cleavers
19fdf19fb.png,Common wheat
37c3108d6.png,Shepherds Purse
a800caead.png,Sugar beet
410e6f702.png,Small-flowered Cranesbill
590f5aea6.png,Charlock
47b7d8e17.png,Small-flowered Cranesbill
bfab3e3d0.png,Sugar beet
b6a3f7876.png,Loose Silky-bent
26e7ae885.png,Fat Hen
55fed435f.png,Charlock
8104422bb.png,Common Chickweed
b4f7c9214.png,Common wheat
7fdb7202d.png,Scentless Mayweed
406162ef9.png,Charlock
acdb75e00.png,Loose Silky-bent
a8b431a3e.png,Sugar beet
6c874918c.png,Common wheat
03ef36742.png,Scentless Mayweed
abf8b0772.png,Scentless Mayweed
ce3d280eb.png,Common Chickweed
d350a25fa.png,Maize
29ce426a1.png,Common Chickweed
7b21ba6ba.png,Sugar beet
52a87abe5.png,Fat Hen
da9ef7858.png,Charlock
a006a475c.png,Shepherds Purse
dcd7ff249.png,Scentless Mayweed
e7077322d.png,Scentless Mayweed
5e6a237f2.png,Sugar beet
a890ac088.png,Charlock
3f64c2c1b.png,Common wheat
d2f422ccb.png,Common Chickweed
7cabd68cc.png,Loose Silky-bent
78c5fba1d.png,Sugar beet
391dcd7fd.png,Black-grass
f8318faf1.png,Shepherds Purse
d2f0f326e.png,Charlock
65489944f.png,Shepherds Purse
1f290e016.png,Shepherds Purse
b47691c08.png,Scentless Mayweed
e783f5a4f.png,Sugar beet
3bbef3ecb.png,Scentless Mayweed
756dd5070.png,Common Chickweed
5eb9c26a6.png,Loose Silky-bent
5f04aed97.png,Small-flowered Cranesbill
4ea7493d5.png,Sugar beet
d09275360.png,Sugar beet
668c1007c.png,Charlock
6a47821f9.png,Loose Silky-bent
ae90f2827.png,Common Chickweed
8311740de.png,Sugar beet
05341a8a6.png,Scentless Mayweed
ff65bc002.png,Charlock
47f9e5d91.png,Common Chickweed
8e29abce1.png,Sugar beet
29bab7cad.png,Common Chickweed
e721c6ac8.png,Loose Silky-bent
446f7da01.png,Common wheat
5c3cd7ea2.png,Scentless Mayweed
8916793ce.png,Small-flowered Cranesbill
1cfd91582.png,Charlock
e471f1d3a.png,Charlock
855955aaf.png,Small-flowered Cranesbill
fbf88b6be.png,Charlock
835dc5447.png,Small-flowered Cranesbill
dabe3e5be.png,Small-flowered Cranesbill
48231e475.png,Scentless Mayweed
da231c97f.png,Shepherds Purse
19618ad6a.png,Sugar beet
7f31c7f42.png,Loose Silky-bent
ef74dbcad.png,Scentless Mayweed
429211ee6.png,Sugar beet
ab0f67743.png,Loose Silky-bent
0c45ace27.png,Common Chickweed
44e8b8833.png,Small-flowered Cranesbill
406ecb5c5.png,Charlock
6da892be6.png,Small-flowered Cranesbill
3efa1f66c.png,Black-grass
ba3ce6b3e.png,Scentless Mayweed
da713c465.png,Loose Silky-bent
66ab0e8d0.png,Charlock
026716f9b.png,Loose Silky-bent
0ae6668fa.png,Loose Silky-bent
711b46fba.png,Fat Hen
ad12382d4.png,Loose Silky-bent
a4b61a4ea.png,Loose Silky-bent
3fbd0fc6a.png,Common Chickweed
8e6ec1ca6.png,Small-flowered Cranesbill
241e6935a.png,Sugar beet
948cdb277.png,Cleavers
afcf6abd5.png,Small-flowered Cranesbill
223e4af09.png,Cleavers
bd789d151.png,Common Chickweed
b573b7a56.png,Loose Silky-bent
b944a49ca.png,Loose Silky-bent
558aa7deb.png,Loose Silky-bent
59c6a9f95.png,Scentless Mayweed
35ebe165c.png,Loose Silky-bent
d3331e071.png,Sugar beet
5b3beec58.png,Loose Silky-bent
a38b8a581.png,Small-flowered Cranesbill
615d2b0a9.png,Sugar beet
089ad62a7.png,Common Chickweed
59b2c6f2b.png,Common Chickweed
1c52ea820.png,Fat Hen
c63da993b.png,Sugar beet
edfdb4aeb.png,Common Chickweed
0885e7690.png,Scentless Mayweed
5af1d74ee.png,Sugar beet
c5078bac5.png,Fat Hen
c069fc3fa.png,Fat Hen
bf3924a57.png,Shepherds Purse
79fba50db.png,Common Chickweed
e6f1211a2.png,Sugar beet
12625488b.png,Fat Hen
a85fc8c9a.png,Small-flowered Cranesbill
f4021df6c.png,Fat Hen
9d79a1f0c.png,Small-flowered Cranesbill
063363305.png,Small-flowered Cranesbill
d668409ff.png,Scentless Mayweed
7d4cd07ad.png,Fat Hen
ac3193f78.png,Common Chickweed
cd6adba97.png,Small-flowered Cranesbill
efe19dc32.png,Charlock
6db684fff.png,Scentless Mayweed
c7051c902.png,Fat Hen
d0152bd7c.png,Sugar beet
486e59179.png,Common Chickweed
1821eb11a.png,Fat Hen
03e322a29.png,Sugar beet
22e79540f.png,Cleavers
8d6acbe9b.png,Common Chickweed
8e3ed0a25.png,Small-flowered Cranesbill
b5c7fd009.png,Loose Silky-bent
dc55449b2.png,Sugar beet
6908fb540.png,Sugar beet
b145ba9d4.png,Scentless Mayweed
466bb6d3b.png,Maize
126a71ce0.png,Charlock
1d0cbd819.png,Black-grass
da4ed3a28.png,Charlock
e96e57a90.png,Fat Hen
48ef6a2ff.png,Fat Hen
3e9f41817.png,Loose Silky-bent
007b3da8b.png,Sugar beet
5315c2dca.png,Loose Silky-bent
0625f063b.png,Common Chickweed
d6d31dcbe.png,Scentless Mayweed
c6c8d4ba0.png,Loose Silky-bent
e9cd91682.png,Common Chickweed
dc4cd56a3.png,Loose Silky-bent
d8f4923f8.png,Common Chickweed
219fd68d5.png,Shepherds Purse
502dff972.png,Sugar beet
35cf9fa01.png,Shepherds Purse
31f3dd81f.png,Loose Silky-bent
d7017f701.png,Fat Hen
a93f940d6.png,Scentless Mayweed
1364b297a.png,Cleavers
ffc6f8527.png,Common wheat
56112b92c.png,Small-flowered Cranesbill
1f5e5554e.png,Charlock
85431c075.png,Loose Silky-bent
8faadb6a8.png,Sugar beet
270b939cf.png,Common Chickweed
1be0713da.png,Cleavers
e1a0e3202.png,Loose Silky-bent
fadc6adbc.png,Charlock
0c5f6c493.png,Loose Silky-bent
60f0bc617.png,Small-flowered Cranesbill
9643fc5f4.png,Charlock
0021e90e4.png,Small-flowered Cranesbill
b687160f5.png,Small-flowered Cranesbill
b3d6fdb80.png,Shepherds Purse
8f523520c.png,Charlock
98d819587.png,Shepherds Purse
25a4c427e.png,Loose Silky-bent
36ed4f215.png,Common Chickweed
060450d79.png,Common Chickweed
fc3e58836.png,Scentless Mayweed
00d090cde.png,Loose Silky-bent
a8da9c08d.png,Scentless Mayweed
f4234cf4f.png,Fat Hen
2f246d688.png,Small-flowered Cranesbill
1d321253f.png,Fat Hen
37297a64c.png,Common Chickweed
d689256be.png,Fat Hen
9c32a797e.png,Common wheat
36d62bf36.png,Common wheat
7f9e9565d.png,Scentless Mayweed
589e643b8.png,Shepherds Purse
fd253a74e.png,Cleavers
afa446484.png,Small-flowered Cranesbill
288564c76.png,Sugar beet
cd5f0db1c.png,Small-flowered Cranesbill
9d3cb4745.png,Common wheat
03566743d.png,Fat Hen
5a6bf96f6.png,Maize
248436078.png,Cleavers
8cfd98117.png,Scentless Mayweed
74d810f87.png,Loose Silky-bent
866be78b0.png,Scentless Mayweed
ce42adffb.png,Loose Silky-bent
0911d3dee.png,Common Chickweed
f593c9cf0.png,Sugar beet
e921021a8.png,Fat Hen
99569b224.png,Common wheat
3526b05cc.png,Scentless Mayweed
a7bd7cadb.png,Fat Hen
a2d25b4f3.png,Small-flowered Cranesbill
67e185673.png,Small-flowered Cranesbill
f3fcfff1b.png,Charlock
b341d0aab.png,Common Chickweed
f9f35cbd4.png,Common Chickweed
74fd477eb.png,Common Chickweed
6b9d6f8c9.png,Sugar beet
a935ca110.png,Loose Silky-bent
a2b703e21.png,Small-flowered Cranesbill
53ceb4657.png,Common Chickweed
6a41bf95b.png,Scentless Mayweed
115f93ecc.png,Loose Silky-bent
800a8c17e.png,Fat Hen
79dafec17.png,Loose Silky-bent
0086a6340.png,Common Chickweed
14bb43eee.png,Common wheat
6dd095129.png,Common Chickweed
7e9cf1c46.png,Shepherds Purse
e9d48d664.png,Shepherds Purse
7696badea.png,Common wheat
599691cd9.png,Small-flowered Cranesbill
c0d9e170b.png,Small-flowered Cranesbill
4823c3ffa.png,Cleavers
0c27cf05f.png,Sugar beet
7691014a1.png,Charlock
39d569be4.png,Loose Silky-bent
8dbb8e1b9.png,Charlock
5ca0205f9.png,Charlock
a276c65f7.png,Loose Silky-bent
ef7a5651d.png,Scentless Mayweed
8d6991365.png,Common wheat
c7eb96871.png,Common wheat
fea355851.png,Loose Silky-bent
2b55a2da2.png,Charlock
59f62ad1d.png,Loose Silky-bent
6982a9d30.png,Small-flowered Cranesbill
ef3e232ad.png,Common Chickweed
bb7621cb3.png,Cleavers
c35efa095.png,Scentless Mayweed
6be169e41.png,Charlock
5b63dcc21.png,Common Chickweed
5bbc0a255.png,Fat Hen
bffc08672.png,Scentless Mayweed
cec5bf198.png,Cleavers
f6d250856.png,Shepherds Purse
ede6b84b4.png,Cleavers
4a337a4a9.png,Fat Hen
a544fc46d.png,Scentless Mayweed
73260a4ee.png,Fat Hen
5a38ac566.png,Loose Silky-bent
fa9f3a8f9.png,Cleavers
7f46a71db.png,Sugar beet
809eb0b82.png,Charlock
3ebbe9ca4.png,Charlock
172f9b10b.png,Common Chickweed
78b1bf91a.png,Sugar beet
3d38a87bc.png,Scentless Mayweed
87f627bf9.png,Common Chickweed
20f983a71.png,Fat Hen
9c0c5b731.png,Loose Silky-bent
4ac29bbf0.png,Common Chickweed
4b032563b.png,Common Chickweed
ce15eee52.png,Charlock
632156793.png,Cleavers
1d48b7564.png,Loose Silky-bent
61dd2cdc5.png,Common wheat
86f08e6d1.png,Fat Hen
86c309150.png,Sugar beet
92292055d.png,Common Chickweed
17d5e5ac4.png,Loose Silky-bent
2ff5cb348.png,Sugar beet
785a73ab8.png,Common Chickweed
e901b0f28.png,Fat Hen
b7192c70f.png,Common wheat
1e095a7e1.png,Sugar beet
17a78fb44.png,Common wheat
7b52585da.png,Scentless Mayweed
4f83143e1.png,Maize
bd72d4d8a.png,Scentless Mayweed
a3d0031fd.png,Loose Silky-bent
5b3000b9a.png,Maize
80e299ae9.png,Shepherds Purse
98062cd87.png,Shepherds Purse
b828443ff.png,Maize
3827436f3.png,Common Chickweed
fd87b36ae.png,Loose Silky-bent
e19673dc9.png,Charlock
e80a259c5.png,Small-flowered Cranesbill
93d76fd5d.png,Small-flowered Cranesbill
fda0b5c38.png,Common wheat
cbe761896.png,Charlock
9cce7328c.png,Loose Silky-bent
7beb2766f.png,Scentless Mayweed
aa7d098d1.png,Common Chickweed
c5e419015.png,Sugar beet
9326bda1b.png,Common Chickweed
ec08a5d56.png,Small-flowered Cranesbill
6049234e6.png,Cleavers
c10db7ae2.png,Maize
fba8fc78a.png,Loose Silky-bent
a19c3faca.png,Cleavers
20ea96bcc.png,Sugar beet
53e6e9000.png,Common wheat
fc6f686fb.png,Sugar beet
963544aa0.png,Loose Silky-bent
3da774107.png,Fat Hen
1758a1baf.png,Common Chickweed
cc3d2a59a.png,Sugar beet
17529c555.png,Scentless Mayweed
d01873fdd.png,Loose Silky-bent
c74c5b7fc.png,Fat Hen
1d56351b2.png,Common Chickweed
a1e0a6c02.png,Cleavers
6b721f68e.png,Loose Silky-bent
c0f5d9ac8.png,Small-flowered Cranesbill
bebcaab66.png,Scentless Mayweed
86676d627.png,Fat Hen
d6c8c3c48.png,Small-flowered Cranesbill
4e69d100a.png,Sugar beet
8b27bfd2b.png,Small-flowered Cranesbill
9c8b08a24.png,Loose Silky-bent
3eda9cbb6.png,Scentless Mayweed
b31292706.png,Common Chickweed
41e07778c.png,Cleavers
9aa5587fe.png,Loose Silky-bent
9fab816f2.png,Sugar beet
780bd2a2c.png,Sugar beet
3f92d8039.png,Loose Silky-bent
4e18ab737.png,Cleavers
2a5064f19.png,Common wheat
dabea05f4.png,Loose Silky-bent
24a058589.png,Charlock
1312065a5.png,Small-flowered Cranesbill
c0bc3997b.png,Fat Hen
4bcdaa5e2.png,Charlock
9516e56c4.png,Loose Silky-bent
cc74feadc.png,Common wheat
76555b064.png,Loose Silky-bent
1459e96a0.png,Cleavers
b98327bf4.png,Shepherds Purse
4e1190d78.png,Loose Silky-bent
0ee4ad224.png,Shepherds Purse
1623fb9e1.png,Sugar beet
6ba4ef411.png,Cleavers
d93c7ab6d.png,Loose Silky-bent
e19ad6ac9.png,Charlock
4bbf1f6ea.png,Shepherds Purse
f4caf74f9.png,Charlock
cf3a8b2fd.png,Loose Silky-bent
be2499cf4.png,Common wheat
00c47e980.png,Sugar beet
675ec1b0b.png,Small-flowered Cranesbill
606647f64.png,Common Chickweed
dce2f6612.png,Common Chickweed
647689543.png,Loose Silky-bent
c50335991.png,Cleavers
97b2f0a10.png,Small-flowered Cranesbill
37714071b.png,Shepherds Purse
26852751a.png,Charlock
eaf0815e2.png,Small-flowered Cranesbill
599c82eea.png,Scentless Mayweed
64fe8beb9.png,Scentless Mayweed
55920f07f.png,Maize
36839d5e9.png,Sugar beet
24d36c52c.png,Common Chickweed
f25996db8.png,Small-flowered Cranesbill
60fea2ef6.png,Sugar beet
5ee9d0a5b.png,Loose Silky-bent
2df78338c.png,Common Chickweed
a8388a37f.png,Fat Hen
fea3da57c.png,Sugar beet
c85ef220d.png,Common Chickweed
5ca2687a4.png,Maize
